label,dsc,iou,hd95,assd,boundary_f1
1,0.8664648295511145,0.7896187941168081,19.3050505893175,6.571753369745358,0.5313462949889681
mean,0.8664648295511145,0.7896187941168081,19.3050505893175,6.571753369745358,0.5313462949889681
