label,dsc,iou,hd95,assd,boundary_f1
1,0.8093607634792201,0.7733319927683454,2.880068380523611,1.1097875896979261,0.8500551472063582
2,0.945652049764281,0.936367137652351,6.591548341076549,2.9613250915597127,0.9474608098397385
3,0.8509522046201121,0.8361474427378026,5.595324192384277,2.1198539447904836,0.8604548425308519
4,0.8931346275005532,0.8779396635475569,4.697268187344729,1.387944764815844,0.8982951358199227
5,0.8708655252116406,0.8438297808568899,18.32827544579139,4.1528394323893085,0.8447790996604775
6,0.7647716365176541,0.7508944214243382,19.459588311268732,9.259999794226426,0.7761458809822405
7,0.9239516209361638,0.909059227491931,6.360477731279705,1.9979710499553576,0.9241557817734626
8,0.8316750621620186,0.8078002948224234,16.4678926885128,6.496103210449219,0.8205596982159395
mean,0.8612954362739556,0.8419212451627048,10.047555409772723,3.6857281097355346,0.8652382995036239
