label,dsc,iou,hd95,assd,boundary_f1
1,0.6964684215546708,0.6181896187104383,8.584029568747042,2.737311721661799,0.715294010245331
2,0.7815677997889511,0.6744144499195586,7.248844621146935,2.125257024039393,0.8770001928184021
3,0.8564035150993338,0.7956489642866587,6.449909702773668,2.048032593604756,0.8767520442793946
mean,0.7781465788143186,0.6960843443055519,7.427594630889215,2.3035337797686495,0.8230154157810426
