label,dsc,iou,hd95,assd,boundary_f1
1,0.8673975035941692,0.7904127579514266,20.815968952899755,6.713253718129424,0.5426891547044297
mean,0.8673975035941692,0.7904127579514266,20.815968952899755,6.713253718129424,0.5426891547044297
