label,dsc,iou,hd95,assd,boundary_f1
1,0.7606489754916129,0.693298013641326,6.159046217490887,1.978093750723477,0.7884039581289017
2,0.7821061562079932,0.6797439284103952,8.123672142624855,1.8688362061300061,0.8810521625342274
3,0.8589584678677309,0.8057677263117102,6.530357640843059,1.8744882347798624,0.8792939107807392
mean,0.8005711998557791,0.7262698894544771,6.9376920003196005,1.9071393972111153,0.8495833438146226
