label,dsc,iou,hd95,assd,boundary_f1
1,0.851920663356582,0.8114859749616643,3.2654615266284113,1.1666840010776873,0.9015310937950959
2,0.9304059634318362,0.9237716918637413,4.863912423451741,2.333828451171998,0.9360222118911716
3,0.9133327101454702,0.9000324543390485,4.378152552730082,1.6413472206858684,0.9203233825406757
4,0.8932737809683406,0.8789131664746216,6.83312449592371,2.141203414041775,0.8984790563568145
5,0.8629453624223746,0.8415679796494855,12.056065721802499,2.63919794230524,0.8452536602387258
6,0.8024445853079196,0.7891023932753725,22.47800466405365,10.071816460394755,0.8123992636014425
7,0.922417603362426,0.907299175372666,7.365852980330439,2.984174000252985,0.9227972938601203
8,0.8010612768261044,0.7762966418629793,17.724915359179178,6.525076695362727,0.787693429726609
mean,0.8722252432276317,0.8535586847249473,9.870686215512464,3.6879160231616295,0.8780624240013319
