label,dsc,iou,hd95,assd,boundary_f1
1,0.8536697372645843,0.8167771736988452,3.4194397960114578,1.0664818990025444,0.8930169069011051
2,0.9411695325397013,0.9318631961516795,6.906416431069374,3.040647046267986,0.943663492296558
3,0.8376357804493627,0.8231761529046103,4.576620243165804,1.5481711439788342,0.8489851820868627
4,0.8923350387428506,0.8750690214166215,7.436513281104588,3.470197895670881,0.9002625960557459
5,0.8893766704311487,0.8615743863775795,17.936994428562027,3.874288161999078,0.8621602474599852
6,0.7315574543377952,0.7185666897613353,21.940473176337576,9.595598730686548,0.7445809074681442
7,0.929098534573411,0.9122873091822932,9.954121445417405,2.387451646625996,0.9307857472356754
8,0.8113075778194857,0.7867978931296223,20.04763898704991,7.682142385328659,0.8024003227282902
mean,0.8607687907697925,0.8407639778278233,11.527277223589767,4.0831223636950655,0.8657319252790459
