label,dsc,iou,hd95,assd,boundary_f1
1,0.8512980002330994,0.8113074366782451,2.935605943449953,1.0431001133990387,0.8978565594613912
2,0.9012506007256293,0.8947851974549531,5.097100604325533,2.234750653306643,0.9071581524193172
3,0.9112211721518566,0.8961570953581106,4.329843442262329,1.4914000064875028,0.9171889197686227
4,0.9012445063023173,0.8867124646715022,4.78835467364164,1.4811224101373814,0.9072782747213027
5,0.8408606617145217,0.8196828535703145,10.58767387700815,2.7564616378644295,0.824579374203041
6,0.7947332745155132,0.7826819683260193,25.128004250987882,12.07784243195837,0.8037953245759555
7,0.8929959100371521,0.8800133706957911,8.194259775429964,2.985546879284084,0.8952845527702333
8,0.7436925831328197,0.7198370491020251,21.95317917206186,8.818472507627721,0.732026458573055
mean,0.8546620886016136,0.8363971794821201,10.376752717395913,4.111087080008146,0.8606459520616148
