label,dsc,iou,hd95,assd,boundary_f1
1,0.8134327473730514,0.7795637973822873,4.056589477561241,1.220387300848961,0.8463368843861775
2,0.9434596582230442,0.9349340659370623,6.201200476288795,3.0212442077696324,0.9498589442348269
3,0.8166635354642799,0.8031015023529079,5.941979823531685,2.4119811059681924,0.8238840004775593
4,0.8880861870386819,0.8722467255870423,5.574427776122361,1.8387461904059634,0.8943200180860744
5,0.8747419653203663,0.8463916393440029,16.35774823934725,3.726329738550847,0.8517964664695292
6,0.7512142662794965,0.7390792535960515,18.33243996866288,8.815406916602965,0.7619835487101015
7,0.9050414166299943,0.8882154590445378,6.990742863960636,2.118999126611404,0.9087948791976382
8,0.8049813117933381,0.7812093951337673,22.028072417361066,8.163159966468811,0.7966551873146842
mean,0.8497026360152815,0.8305927297972073,10.68540013035449,3.914531819153347,0.8542037411095739
