label,dsc,iou,hd95,assd,boundary_f1
1,0.8918168591323138,0.849376821495019,3.472694605062104,1.090991710992342,0.939499591015867
2,0.8946262726817991,0.887579741274699,5.142527808263464,2.334411156119652,0.9022915887426399
3,0.8926163469494837,0.8779411923343095,4.834515689040077,1.7570508256246,0.8998930829770956
4,0.8872130716759761,0.8718652463180281,8.712861582868939,2.6795765989666043,0.8941382118716139
5,0.8742158896923287,0.8546806019377645,9.804798335769817,2.301650762140653,0.8607072195936033
6,0.7752827019917253,0.7607025554639889,22.029299035545222,9.235695819224208,0.786648360742266
7,0.9215527078548149,0.9077622269439178,6.537294999809022,2.2947269258605445,0.9244901329631795
8,0.7829608503289167,0.7589652863804476,20.57040369257014,8.473573884114305,0.7642849328247934
mean,0.8650355875384198,0.8461092090185218,10.138049468616098,3.770959710380364,0.8714941400913823
