label,dsc,iou,hd95,assd,boundary_f1
1,0.7613899650657902,0.6985783022730006,7.377402882065092,2.1785208057079997,0.7904899600858507
2,0.7567288770618283,0.6549341563446611,7.633408415456151,1.8709773516585662,0.8562344894143752
3,0.8461937699878755,0.7925144058771204,5.28080323934555,1.514182520438643,0.8658424571382045
mean,0.7881042040384981,0.7153422881649273,6.763871512288932,1.8545602259350698,0.8375223022128101
