label,dsc,iou,hd95,assd,boundary_f1
1,0.7558528312151809,0.6937368067017363,6.775331122774474,2.990240931930676,0.7851982450582926
2,0.7755646374342077,0.6743171148874268,4.651295962689937,1.392989427878939,0.8770507289157881
3,0.8538541309777996,0.7993513251639237,3.2053768662681357,1.2685909779273976,0.8730120529743464
mean,0.7950905332090628,0.7224684155843623,4.877334650577516,1.8839404459123374,0.845087008982809
