label,dsc,iou,hd95,assd,boundary_f1
1,0.7230982765400314,0.6423387906452199,7.74851432364238,2.531959214590882,0.7413058069030695
2,0.7766535467428779,0.6700946990925822,9.042994156351007,2.2745188438583175,0.8716862582656599
3,0.8641761777941444,0.8047116834544809,7.811545823326559,2.074320378716041,0.8782232938758349
mean,0.7879760003590178,0.705715057730761,8.201018101106648,2.29359947905508,0.8304051196815214
