label,dsc,iou,hd95,assd,boundary_f1
1,0.8648629237896271,0.7904417606369915,19.265133643708033,6.693360560005404,0.5455784055950451
mean,0.8648629237896271,0.7904417606369915,19.265133643708033,6.693360560005404,0.5455784055950451
