label,dsc,iou,hd95,assd,boundary_f1
1,0.7338705193676976,0.6570974669176766,6.649154977110408,2.2487004662320116,0.7413140072110823
2,0.780484448312476,0.6754787898751552,4.719995997999973,1.308668905127365,0.875304112875044
3,0.8572303575892147,0.7959262574289694,4.873414744223867,1.463386367829073,0.8725518225193797
mean,0.7905284417564628,0.7095008380739337,5.414188573111416,1.6735852463961498,0.8297233142018353
